filename,address,city,state,zipcode,map_year,image_captured_date,image_type,link
973 Thrush Ln Huntingdon Valley PA 19006.jpg,973 Thrush Ln,Huntingdon Valley,PA,19006,2022 Google,19-Jul,Picture,"https://www.google.com/maps/place/973+Thrush+Ln,+Huntingdon+Valley,+PA+19006/@40.1535915,-75.047812,3a,75y,53.89h,90t/data=!3m7!1e1!3m5!1sVQsF4i-MebkvznALmUV-8w!2e0!6shttps:%2F%2Fstreetviewpixels-pa.googleapis.com%2Fv1%2Fthumbnail%3Fpanoid%3DVQsF4i-MebkvznALmUV-8w%26cb_client%3Dsearch.gws-prod.gps%26w%3D86%26h%3D86%26yaw%3D53.894047%26pitch%3D0%26thumbfov%3D100!7i16384!8i8192!4m6!3m5!1s0x89c6adf03950f953:0x9cc6f4c9cd1fadbc!8m2!3d40.153725!4d-75.0475619!10e5"
974 Brown Ave Huntingdon Valley PA 19006.jpg,974 Brown Ave,Huntingdon Valley,PA,19006,2022 Google,22-Jun,Picture,"https://www.google.com/maps/place/974+Brown+Ave,+Huntingdon+Valley,+PA+19006/@40.0898008,-75.0861865,3a,75y,292.78h,90t/data=!3m7!1e1!3m5!1sLkQvZrFXdXa4j6GjRqI77w!2e0!6shttps:%2F%2Fstreetviewpixels-pa.googleapis.com%2Fv1%2Fthumbnail%3Fpanoid%3DLkQvZrFXdXa4j6GjRqI77w%26cb_client%3Dsearch.gws-prod.gps%26w%3D86%26h%3D86%26yaw%3D292.78476%26pitch%3D0%26thumbfov%3D100!7i16384!8i8192!4m5!3m4!1s0x89c6b11563a1c4f3:0xc49ed199fb5f2122!8m2!3d40.0898931!4d-75.0864603"
974 Byberry Rd Huntingdon Valley PA 19006.jpg,974 Byberry Rd,Huntingdon Valley,PA,19006,2022 Google,19-Oct,Picture,"https://www.google.com/maps/place/974+Byberry+Rd,+Huntingdon+Valley,+PA+19006/@40.1469178,-75.0544236,3a,75y,225.05h,90t/data=!3m7!1e1!3m5!1seLsVCoj6SzIsTqb_vMSLTA!2e0!6shttps:%2F%2Fstreetviewpixels-pa.googleapis.com%2Fv1%2Fthumbnail%3Fpanoid%3DeLsVCoj6SzIsTqb_vMSLTA%26cb_client%3Dsearch.gws-prod.gps%26w%3D86%26h%3D86%26yaw%3D225.05267%26pitch%3D0%26thumbfov%3D100!7i16384!8i8192!4m6!3m5!1s0x89c6adf8b7ba96e1:0xf0f2846299bd4047!8m2!3d40.1467372!4d-75.0546578!10e5"
974 Thrush Ln Huntingdon Valley PA 19006.jpg,974 Thrush Ln,Huntingdon Valley,PA,19006,2022 Google,19-Jul,Picture,"https://www.google.com/maps/place/974+Thrush+Ln,+Huntingdon+Valley,+PA+19006/@40.1536486,-75.0479069,3a,75y,217.94h,90t/data=!3m7!1e1!3m5!1s334ou3TjAVLNrqzpp5Z18A!2e0!6shttps:%2F%2Fstreetviewpixels-pa.googleapis.com%2Fv1%2Fthumbnail%3Fpanoid%3D334ou3TjAVLNrqzpp5Z18A%26cb_client%3Dsearch.gws-prod.gps%26w%3D86%26h%3D86%26yaw%3D217.9429%26pitch%3D0%26thumbfov%3D100!7i16384!8i8192!4m6!3m5!1s0x89c6adf06b1d70b9:0x4f05f163c51c5a35!8m2!3d40.1534285!4d-75.0481323!10e5"
975 Brown Ave Huntingdon Valley PA 19006.jpg,975 Brown Ave,Huntingdon Valley,PA,19006,2022 Google,22-Jun,Picture,"https://www.google.com/maps/place/975+Brown+Ave,+Huntingdon+Valley,+PA+19006/@40.0898008,-75.0861865,3a,75y,131.34h,90t/data=!3m7!1e1!3m5!1sLkQvZrFXdXa4j6GjRqI77w!2e0!6shttps:%2F%2Fstreetviewpixels-pa.googleapis.com%2Fv1%2Fthumbnail%3Fpanoid%3DLkQvZrFXdXa4j6GjRqI77w%26cb_client%3Dsearch.gws-prod.gps%26w%3D86%26h%3D86%26yaw%3D131.34239%26pitch%3D0%26thumbfov%3D100!7i16384!8i8192!4m5!3m4!1s0x89c6b11560171ecb:0x94b1f014f516fb1c!8m2!3d40.0896766!4d-75.086004"
975 Wesley Ave Huntingdon Valley PA 19006.jpg,975 Wesley Ave,Huntingdon Valley,PA,19006,2022 Google,22-Jun,Picture,"https://www.google.com/maps/place/975+Wesley+Ave,+Huntingdon+Valley,+PA+19006/@40.0902594,-75.0873092,3a,75y,114.73h,90t/data=!3m7!1e1!3m5!1su1dqiDv8xHzqiWYwR3nyow!2e0!6shttps:%2F%2Fstreetviewpixels-pa.googleapis.com%2Fv1%2Fthumbnail%3Fpanoid%3Du1dqiDv8xHzqiWYwR3nyow%26cb_client%3Dsearch.gws-prod.gps%26w%3D86%26h%3D86%26yaw%3D114.727936%26pitch%3D0%26thumbfov%3D100!7i16384!8i8192!4m6!3m5!1s0x89c6b1157bd89789:0x563145cb9a22f6e0!8m2!3d40.0901667!4d-75.0870534!10e5"
976 Claire Ave Huntingdon Valley PA 19006.jpg,976 Claire Ave,Huntingdon Valley,PA,19006,2022 Google,22-Jun,Picture,"https://www.google.com/maps/place/976+Claire+Ave,+Huntingdon+Valley,+PA+19006/@40.090861,-75.0879827,3a,75y,311.64h,90t/data=!3m7!1e1!3m5!1sVf092VyVk7P9o1JOv5XXeg!2e0!6shttps:%2F%2Fstreetviewpixels-pa.googleapis.com%2Fv1%2Fthumbnail%3Fpanoid%3DVf092VyVk7P9o1JOv5XXeg%26cb_client%3Dsearch.gws-prod.gps%26w%3D86%26h%3D86%26yaw%3D311.64322%26pitch%3D0%26thumbfov%3D100!7i16384!8i8192!4m5!3m4!1s0x89c6b11597662431:0xdb48ec39c98b3e29!8m2!3d40.0909761!4d-75.0881483"
976 Old Huntingdon Pike Huntingdon Valley PA 19006.jpg,976 Old Huntingdon Pike,Huntingdon Valley,PA,19006,2022 Google,22-Jun,Picture,"https://www.google.com/maps/place/976+Old+Huntingdon+Pike,+Huntingdon+Valley,+PA+19006/@40.094562,-75.0947066,3a,75y,253.36h,90t/data=!3m7!1e1!3m5!1s9WY-_vXUBYWqkR05iVdk8Q!2e0!6shttps:%2F%2Fstreetviewpixels-pa.googleapis.com%2Fv1%2Fthumbnail%3Fpanoid%3D9WY-_vXUBYWqkR05iVdk8Q%26cb_client%3Dsearch.gws-prod.gps%26w%3D86%26h%3D86%26yaw%3D253.35573%26pitch%3D0%26thumbfov%3D100!7i16384!8i8192!4m6!3m5!1s0x89c6b11741d81241:0xdde634c5dfc98fe5!8m2!3d40.0944976!4d-75.0949916!10e5"
978 Sheffield Ln Huntingdon Valley PA 19006.jpg,978 Sheffield Ln,Huntingdon Valley,PA,19006,2022 Google,12-Sep,Picture,"https://www.google.com/maps/place/978+Sheffield+Ln,+Huntingdon+Valley,+PA+19006/@40.1553515,-75.0459004,3a,75y,273.21h,90t/data=!3m7!1e1!3m5!1sTUQwmEQaLg3aqzJiciCc1w!2e0!6shttps:%2F%2Fstreetviewpixels-pa.googleapis.com%2Fv1%2Fthumbnail%3Fpanoid%3DTUQwmEQaLg3aqzJiciCc1w%26cb_client%3Dsearch.gws-prod.gps%26w%3D86%26h%3D86%26yaw%3D273.21204%26pitch%3D0%26thumbfov%3D100!7i13312!8i6656!4m6!3m5!1s0x89c6adee33bbe5bf:0x3c58c617ebe47a19!8m2!3d40.1553667!4d-75.0462157!10e5"
978 Warfield Ln Huntingdon Valley PA 19006.jpg,978 Warfield Ln,Huntingdon Valley,PA,19006,2022 Google,18-Oct,Picture,"https://www.google.com/maps/place/978+Warfield+Ln,+Huntingdon+Valley,+PA+19006/@40.1490706,-75.0523249,3a,75y,194.82h,90t/data=!3m7!1e1!3m5!1sXjfFEHqJxbYSr7Eqy6IR1Q!2e0!6shttps:%2F%2Fstreetviewpixels-pa.googleapis.com%2Fv1%2Fthumbnail%3Fpanoid%3DXjfFEHqJxbYSr7Eqy6IR1Q%26cb_client%3Dsearch.gws-prod.gps%26w%3D86%26h%3D86%26yaw%3D194.81955%26pitch%3D0%26thumbfov%3D100!7i16384!8i8192!4m6!3m5!1s0x89c6adf90a192b3b:0xeb8b049c26f3ccda!8m2!3d40.1487903!4d-75.0524218!10e5"
978 Wesley Ave Huntingdon Valley PA 19006.jpg,978 Wesley Ave,Huntingdon Valley,PA,19006,2022 Google,22-Jun,Picture,"https://www.google.com/maps/place/978+Wesley+Ave,+Huntingdon+Valley,+PA+19006/@40.0903259,-75.0872418,3a,75y,318.87h,90t/data=!3m7!1e1!3m5!1sOUUxgiT00kf0Pf8gvyc0Eg!2e0!6shttps:%2F%2Fstreetviewpixels-pa.googleapis.com%2Fv1%2Fthumbnail%3Fpanoid%3DOUUxgiT00kf0Pf8gvyc0Eg%26cb_client%3Dsearch.gws-prod.gps%26w%3D86%26h%3D86%26yaw%3D318.86758%26pitch%3D0%26thumbfov%3D100!7i16384!8i8192!4m6!3m5!1s0x89c6b11577fde615:0x904ecc9a0c908b5!8m2!3d40.0904436!4d-75.0873727!10e5"
979 Brown Ave Huntingdon Valley PA 19006.jpg,979 Brown Ave,Huntingdon Valley,PA,19006,2022 Google,22-Jun,Picture,"https://www.google.com/maps/place/979+Brown+Ave,+Huntingdon+Valley,+PA+19006/@40.0899423,-75.0860477,3a,75y,146.01h,90t/data=!3m7!1e1!3m5!1sO8EAvIeel3rf0ABr8LA-tQ!2e0!6shttps:%2F%2Fstreetviewpixels-pa.googleapis.com%2Fv1%2Fthumbnail%3Fpanoid%3DO8EAvIeel3rf0ABr8LA-tQ%26cb_client%3Dsearch.gws-prod.gps%26w%3D86%26h%3D86%26yaw%3D146.00784%26pitch%3D0%26thumbfov%3D100!7i16384!8i8192!4m5!3m4!1s0x89c6b1155e28fb37:0x53b532dc559ca3fc!8m2!3d40.0897821!4d-75.0859128"
979 Sheffield Ln Huntingdon Valley PA 19006.jpg,979 Sheffield Ln,Huntingdon Valley,PA,19006,2022 Google,12-Sep,Picture,"https://www.google.com/maps/place/979+Sheffield+Ln,+Huntingdon+Valley,+PA+19006/@40.1556217,-75.0460067,3a,75y,57.41h,90t/data=!3m7!1e1!3m5!1sNIhXmGhUdCtKutPxytXkqw!2e0!6shttps:%2F%2Fstreetviewpixels-pa.googleapis.com%2Fv1%2Fthumbnail%3Fpanoid%3DNIhXmGhUdCtKutPxytXkqw%26cb_client%3Dsearch.gws-prod.gps%26w%3D86%26h%3D86%26yaw%3D57.409218%26pitch%3D0%26thumbfov%3D100!7i13312!8i6656!4m6!3m5!1s0x89c6adee47e54a25:0x40acaec91049dac0!8m2!3d40.1557535!4d-75.0457365!10e5"
98 Steele Way Huntingdon Valley PA 19006.jpg,98 Steele Way,Huntingdon Valley,PA,19006,2022 Google,19-Aug,Picture,"https://www.google.com/maps/place/98+Steele+Way,+Huntingdon+Valley,+PA+19006/@40.1375528,-75.0219945,3a,75y,222.12h,90t/data=!3m7!1e1!3m5!1s5vbbvwU5WunqjXSAZhom8Q!2e0!6shttps:%2F%2Fstreetviewpixels-pa.googleapis.com%2Fv1%2Fthumbnail%3Fpanoid%3D5vbbvwU5WunqjXSAZhom8Q%26cb_client%3Dsearch.gws-prod.gps%26w%3D86%26h%3D86%26yaw%3D222.12093%26pitch%3D0%26thumbfov%3D100!7i16384!8i8192!4m6!3m5!1s0x89c6b2796c594d59:0xaf2773082673105a!8m2!3d40.1374112!4d-75.0221637!10e5"
981 Old Huntingdon Pike Huntingdon Valley PA 19006.jpg,981 Old Huntingdon Pike,Huntingdon Valley,PA,19006,2022 Google,22-Jun,Picture,"https://www.google.com/maps/place/981+Old+Huntingdon+Pike,+Huntingdon+Valley,+PA+19006/@40.0947334,-75.0947673,3a,75y,67.49h,90t/data=!3m7!1e1!3m5!1s-JPGj_QZa_r6e1fDQBd2lg!2e0!6shttps:%2F%2Fstreetviewpixels-pa.googleapis.com%2Fv1%2Fthumbnail%3Fpanoid%3D-JPGj_QZa_r6e1fDQBd2lg%26cb_client%3Dsearch.gws-prod.gps%26w%3D86%26h%3D86%26yaw%3D67.491615%26pitch%3D0%26thumbfov%3D100!7i16384!8i8192!4m6!3m5!1s0x89c6b11738d46785:0xd630218852e48a98!8m2!3d40.0948234!4d-75.0944897!10e5"
981 Robbins Ave Huntingdon Valley PA 19006.jpg,981 Robbins Ave,Huntingdon Valley,PA,19006,2022 Google,22-Jun,Picture,"https://www.google.com/maps/place/981+Robbins+Ave,+Huntingdon+Valley,+PA+19006/@40.087909,-75.0823931,3a,75y,249.71h,90t/data=!3m7!1e1!3m5!1su5rXkRrGJB4S7MpHx5gzBA!2e0!6shttps:%2F%2Fstreetviewpixels-pa.googleapis.com%2Fv1%2Fthumbnail%3Fpanoid%3Du5rXkRrGJB4S7MpHx5gzBA%26cb_client%3Dsearch.gws-prod.gps%26w%3D86%26h%3D86%26yaw%3D249.70827%26pitch%3D0%26thumbfov%3D100!7i16384!8i8192!4m6!3m5!1s0x89c6b1404753d44d:0x62ce4ff1e76f4478!8m2!3d40.0878568!4d-75.0825823!10e5"
982 Claire Ave Huntingdon Valley PA 19006.jpg,982 Claire Ave,Huntingdon Valley,PA,19006,2022 Google,22-Jun,Picture,"https://www.google.com/maps/place/982+Claire+Ave,+Huntingdon+Valley,+PA+19006/@40.0909171,-75.0878904,3a,75y,340.99h,90t/data=!3m7!1e1!3m5!1sGTQ0stOPlXoTAyGRrxoTew!2e0!6shttps:%2F%2Fstreetviewpixels-pa.googleapis.com%2Fv1%2Fthumbnail%3Fpanoid%3DGTQ0stOPlXoTAyGRrxoTew%26cb_client%3Dsearch.gws-prod.gps%26w%3D86%26h%3D86%26yaw%3D340.9927%26pitch%3D0%26thumbfov%3D100!7i16384!8i8192!4m5!3m4!1s0x89c6b115987e8179:0x9da204f38c12e7f9!8m2!3d40.0911088!4d-75.0879658"
982 Corn Crib Dr Huntingdon Valley PA 19006.jpg,982 Corn Crib Dr,Huntingdon Valley,PA,19006,2022 Google,18-Aug,Picture,"https://www.google.com/maps/place/982+Corn+Crib+Dr,+Huntingdon+Valley,+PA+19006/@40.1473163,-75.0538721,3a,75y,219.05h,90t/data=!3m7!1e1!3m5!1sw-aNVI8UCn6U2FL0-zDEQQ!2e0!6shttps:%2F%2Fstreetviewpixels-pa.googleapis.com%2Fv1%2Fthumbnail%3Fpanoid%3Dw-aNVI8UCn6U2FL0-zDEQQ%26cb_client%3Dsearch.gws-prod.gps%26w%3D86%26h%3D86%26yaw%3D219.04662%26pitch%3D0%26thumbfov%3D100!7i16384!8i8192!4m6!3m5!1s0x89c6adf8c15f73df:0xf30575a9920ea017!8m2!3d40.1470955!4d-75.0541102!10e5"
982 Old Huntingdon Pike Huntingdon Valley PA 19006.jpg,982 Old Huntingdon Pike,Huntingdon Valley,PA,19006,2022 Google,22-Jun,Picture,"https://www.google.com/maps/place/982+Old+Huntingdon+Pike,+Huntingdon+Valley,+PA+19006/@40.0948177,-75.0948308,3a,75y,260.59h,90t/data=!3m7!1e1!3m5!1s8xPvuhC7Ys5yg7NSu7jM4g!2e0!6shttps:%2F%2Fstreetviewpixels-pa.googleapis.com%2Fv1%2Fthumbnail%3Fpanoid%3D8xPvuhC7Ys5yg7NSu7jM4g%26cb_client%3Dsearch.gws-prod.gps%26w%3D86%26h%3D86%26yaw%3D260.59216%26pitch%3D0%26thumbfov%3D100!7i16384!8i8192!4m6!3m5!1s0x89c6b1175d1c02e3:0xe014b739f9b9cbeb!8m2!3d40.0947366!4d-75.0954706!10e5"
983 Claire Ave Huntingdon Valley PA 19006.jpg,983 Claire Ave,Huntingdon Valley,PA,19006,2022 Google,22-Jun,Picture,"https://www.google.com/maps/place/983+Claire+Ave,+Huntingdon+Valley,+PA+19006/@40.0909171,-75.0878904,3a,75y,136.69h,90t/data=!3m7!1e1!3m5!1sGTQ0stOPlXoTAyGRrxoTew!2e0!6shttps:%2F%2Fstreetviewpixels-pa.googleapis.com%2Fv1%2Fthumbnail%3Fpanoid%3DGTQ0stOPlXoTAyGRrxoTew%26cb_client%3Dsearch.gws-prod.gps%26w%3D86%26h%3D86%26yaw%3D136.68608%26pitch%3D0%26thumbfov%3D100!7i16384!8i8192!4m5!3m4!1s0x89c6b1159c1fc545:0x24b799af6e0f898e!8m2!3d40.0907596!4d-75.0876921"
983 Hunters Turn Huntingdon Valley PA 19006.jpg,983 Hunters Turn,Huntingdon Valley,PA,19006,2022 Google,18-Aug,Picture,"https://www.google.com/maps/place/983+Hunters+Turn,+Huntingdon+Valley,+PA+19006/@40.1506416,-75.0517969,3a,75y,37.57h,90t/data=!3m7!1e1!3m5!1siK0gAkx5g5hbb0YKMJKx_w!2e0!6shttps:%2F%2Fstreetviewpixels-pa.googleapis.com%2Fv1%2Fthumbnail%3Fpanoid%3DiK0gAkx5g5hbb0YKMJKx_w%26cb_client%3Dsearch.gws-prod.gps%26w%3D86%26h%3D86%26yaw%3D37.572544%26pitch%3D0%26thumbfov%3D100!7i16384!8i8192!4m6!3m5!1s0x89c6adfa3009acd7:0x6d0bef3f4d98ea79!8m2!3d40.1508894!4d-75.0515776!10e5"
983 Old Ford Rd Huntingdon Valley PA 19006.jpg,983 Old Ford Rd,Huntingdon Valley,PA,19006,2022 Google,22-Jun,Picture,"https://www.google.com/maps/place/983+Old+Ford+Rd,+Huntingdon+Valley,+PA+19006/@40.0915118,-75.0885823,3a,75y,140.15h,90t/data=!3m7!1e1!3m5!1s9OanalD7Xxi5iZB-91TPaA!2e0!6shttps:%2F%2Fstreetviewpixels-pa.googleapis.com%2Fv1%2Fthumbnail%3Fpanoid%3D9OanalD7Xxi5iZB-91TPaA%26cb_client%3Dsearch.gws-prod.gps%26w%3D86%26h%3D86%26yaw%3D140.14883%26pitch%3D0%26thumbfov%3D100!7i16384!8i8192!4m6!3m5!1s0x89c6b115bdb3144b:0x68cfbf6539a95d9b!8m2!3d40.0913194!4d-75.0883764!10e5"
984 Barnswallow Ln Huntingdon Valley PA 19006.jpg,984 Barnswallow Ln,Huntingdon Valley,PA,19006,2022 Google,18-Oct,Picture,"https://www.google.com/maps/place/984+Barnswallow+Ln,+Huntingdon+Valley,+PA+19006/@40.1541246,-75.0468172,3a,75y,223.35h,90t/data=!3m7!1e1!3m5!1sUQ9lTUf37TSeeZTZQx_wFQ!2e0!6shttps:%2F%2Fstreetviewpixels-pa.googleapis.com%2Fv1%2Fthumbnail%3Fpanoid%3DUQ9lTUf37TSeeZTZQx_wFQ%26cb_client%3Dsearch.gws-prod.gps%26w%3D86%26h%3D86%26yaw%3D223.34882%26pitch%3D0%26thumbfov%3D100!7i16384!8i8192!4m6!3m5!1s0x89c6adf031b41125:0x91ba5349c09ad6f1!8m2!3d40.1539493!4d-75.0470371!10e5"
984 Hunters Turn Huntingdon Valley PA 19006.jpg,984 Hunters Turn,Huntingdon Valley,PA,19006,2022 Google,18-Aug,Picture,"https://www.google.com/maps/place/984+Hunters+Turn,+Huntingdon+Valley,+PA+19006/@40.1506416,-75.0517969,3a,75y,242.32h,90t/data=!3m7!1e1!3m5!1siK0gAkx5g5hbb0YKMJKx_w!2e0!6shttps:%2F%2Fstreetviewpixels-pa.googleapis.com%2Fv1%2Fthumbnail%3Fpanoid%3DiK0gAkx5g5hbb0YKMJKx_w%26cb_client%3Dsearch.gws-prod.gps%26w%3D86%26h%3D86%26yaw%3D242.32196%26pitch%3D0%26thumbfov%3D100!7i16384!8i8192!4m6!3m5!1s0x89c6adfa2ae727ab:0x55b255ab35e5ff8d!8m2!3d40.1504484!4d-75.0522393!10e5"
984 Milkweed Ln Huntingdon Valley PA 19006.jpg,984 Milkweed Ln,Huntingdon Valley,PA,19006,2022 Google,18-Aug,Picture,"https://www.google.com/maps/place/984+Milkweed+Ln,+Huntingdon+Valley,+PA+19006/@40.1480536,-75.0531383,3a,75y,216.64h,90t/data=!3m7!1e1!3m5!1spaboUUuF8C9UZqGDXN2Iiw!2e0!6shttps:%2F%2Fstreetviewpixels-pa.googleapis.com%2Fv1%2Fthumbnail%3Fpanoid%3DpaboUUuF8C9UZqGDXN2Iiw%26cb_client%3Dsearch.gws-prod.gps%26w%3D86%26h%3D86%26yaw%3D216.64265%26pitch%3D0%26thumbfov%3D100!7i16384!8i8192!4m6!3m5!1s0x89c6adf8e2487e71:0x6468cc73f57bddf8!8m2!3d40.1478541!4d-75.0533345!10e5"
985 Barnswallow Ln Huntingdon Valley PA 19006.jpg,985 Barnswallow Ln,Huntingdon Valley,PA,19006,2022 Google,18-Oct,Picture,"https://www.google.com/maps/place/985+Barnswallow+Ln,+Huntingdon+Valley,+PA+19006/@40.1544454,-75.0472507,3a,75y,49.29h,90t/data=!3m7!1e1!3m5!1syq_w6Uf3Dy8bQVRtUpKIIw!2e0!6shttps:%2F%2Fstreetviewpixels-pa.googleapis.com%2Fv1%2Fthumbnail%3Fpanoid%3Dyq_w6Uf3Dy8bQVRtUpKIIw%26cb_client%3Dsearch.gws-prod.gps%26w%3D86%26h%3D86%26yaw%3D49.29413%26pitch%3D0%26thumbfov%3D100!7i16384!8i8192!4m6!3m5!1s0x89c6adf029e7c25f:0x9e71b3f36b54e548!8m2!3d40.154658!4d-75.046923!10e5"
985 Carriage Ln Huntingdon Valley PA 19006.jpg,985 Carriage Ln,Huntingdon Valley,PA,19006,2022 Google,18-Aug,Picture,"https://www.google.com/maps/place/985+Carriage+Ln,+Huntingdon+Valley,+PA+19006/@40.1439743,-75.0579153,3a,75y,80.34h,90t/data=!3m7!1e1!3m5!1sY449MaE7F17n_KsHpzx9XQ!2e0!6shttps:%2F%2Fstreetviewpixels-pa.googleapis.com%2Fv1%2Fthumbnail%3Fpanoid%3DY449MaE7F17n_KsHpzx9XQ%26cb_client%3Dsearch.gws-prod.gps%26w%3D86%26h%3D86%26yaw%3D80.33893%26pitch%3D0%26thumbfov%3D100!7i16384!8i8192!4m6!3m5!1s0x89c6b200fab839f9:0x5aab83333615db7a!8m2!3d40.1440246!4d-75.0575326!10e5"
985 County Line Rd Huntingdon Valley PA 19006.jpg,985 County Line Rd,Huntingdon Valley,PA,19006,2022 Google,19-Jul,Picture,"https://www.google.com/maps/place/985+County+Line+Rd,+Huntingdon+Valley,+PA+19006/@40.1585609,-75.0496502,3a,75y,43.54h,90t/data=!3m7!1e1!3m5!1sffBL2Lv_xSN8lIeBTFQ-gA!2e0!6shttps:%2F%2Fstreetviewpixels-pa.googleapis.com%2Fv1%2Fthumbnail%3Fpanoid%3DffBL2Lv_xSN8lIeBTFQ-gA%26cb_client%3Dsearch.gws-prod.gps%26w%3D86%26h%3D86%26yaw%3D43.535645%26pitch%3D0%26thumbfov%3D100!7i16384!8i8192!4m5!3m4!1s0x89c6adef5fbe165f:0xe04173dffd3d605!8m2!3d40.158793!4d-75.0493644"
985 Milkweed Ln Huntingdon Valley PA 19006.jpg,985 Milkweed Ln,Huntingdon Valley,PA,19006,2022 Google,18-Aug,Picture,"https://www.google.com/maps/place/985+Milkweed+Ln,+Huntingdon+Valley,+PA+19006/@40.1480536,-75.0531383,3a,75y,36.62h,90t/data=!3m7!1e1!3m5!1spaboUUuF8C9UZqGDXN2Iiw!2e0!6shttps:%2F%2Fstreetviewpixels-pa.googleapis.com%2Fv1%2Fthumbnail%3Fpanoid%3DpaboUUuF8C9UZqGDXN2Iiw%26cb_client%3Dsearch.gws-prod.gps%26w%3D86%26h%3D86%26yaw%3D36.619373%26pitch%3D0%26thumbfov%3D100!7i16384!8i8192!4m6!3m5!1s0x89c6adf90487ba51:0x4ed5e82ae3478a4c!8m2!3d40.1482529!4d-75.0529466!10e5"
985 Sherman Ave Huntingdon Valley PA 19006.jpg,985 Sherman Ave,Huntingdon Valley,PA,19006,2022 Google,22-Jun,Picture,"https://www.google.com/maps/place/985+Sherman+Ave,+Huntingdon+Valley,+PA+19006/@40.0891989,-75.0843911,3a,75y,125.06h,90t/data=!3m7!1e1!3m5!1stkhdABEL0FDvMg5zSac1jw!2e0!6shttps:%2F%2Fstreetviewpixels-pa.googleapis.com%2Fv1%2Fthumbnail%3Fpanoid%3DtkhdABEL0FDvMg5zSac1jw%26cb_client%3Dsearch.gws-prod.gps%26w%3D86%26h%3D86%26yaw%3D125.06135%26pitch%3D0%26thumbfov%3D100!7i16384!8i8192!4m6!3m5!1s0x89c6b140014c1995:0xd1e4c046de7ebe98!8m2!3d40.0890846!4d-75.0841791!10e5"
987 Old Huntingdon Pike Huntingdon Valley PA 19006.jpg,987 Old Huntingdon Pike,Huntingdon Valley,PA,19006,2022 Google,22-Jun,Picture,"https://www.google.com/maps/place/987+Old+Huntingdon+Pike,+Huntingdon+Valley,+PA+19006/@40.0949032,-75.094856,3a,75y,79.88h,90t/data=!3m7!1e1!3m5!1s2pPc0JVdzJMpJX_Af3Rbfw!2e0!6shttps:%2F%2Fstreetviewpixels-pa.googleapis.com%2Fv1%2Fthumbnail%3Fpanoid%3D2pPc0JVdzJMpJX_Af3Rbfw%26cb_client%3Dsearch.gws-prod.gps%26w%3D86%26h%3D86%26yaw%3D79.880196%26pitch%3D0%26thumbfov%3D100!7i16384!8i8192!4m6!3m5!1s0x89c6b1173854ca45:0xc6c70dc97658ea47!8m2!3d40.0949468!4d-75.0945354!10e5"
987 Thrush Ln Huntingdon Valley PA 19006.jpg,987 Thrush Ln,Huntingdon Valley,PA,19006,2022 Google,19-Jul,Picture,"https://www.google.com/maps/place/987+Thrush+Ln,+Huntingdon+Valley,+PA+19006/@40.1537635,-75.0480941,3a,75y,45.2h,90t/data=!3m7!1e1!3m5!1sgm6upQwjXkTFS3vzbSI25A!2e0!6shttps:%2F%2Fstreetviewpixels-pa.googleapis.com%2Fv1%2Fthumbnail%3Fpanoid%3Dgm6upQwjXkTFS3vzbSI25A%26cb_client%3Dsearch.gws-prod.gps%26w%3D86%26h%3D86%26yaw%3D45.198147%26pitch%3D0%26thumbfov%3D100!7i16384!8i8192!4m6!3m5!1s0x89c6adf03d985203:0x187c7d6296058dd5!8m2!3d40.1539401!4d-75.0478585!10e5"
987 Wesley Ave Huntingdon Valley PA 19006.jpg,987 Wesley Ave,Huntingdon Valley,PA,19006,2022 Google,22-Jun,Picture,"https://www.google.com/maps/place/987+Wesley+Ave,+Huntingdon+Valley,+PA+19006/@40.0906187,-75.0869537,3a,75y,117.62h,90t/data=!3m7!1e1!3m5!1s2wB1bNigOIXCblRPm8ZPoA!2e0!6shttps:%2F%2Fstreetviewpixels-pa.googleapis.com%2Fv1%2Fthumbnail%3Fpanoid%3D2wB1bNigOIXCblRPm8ZPoA%26cb_client%3Dsearch.gws-prod.gps%26w%3D86%26h%3D86%26yaw%3D117.618095%26pitch%3D0%26thumbfov%3D100!7i16384!8i8192!4m6!3m5!1s0x89c6b11571b408ed:0x1df221b105b4e935!8m2!3d40.0905105!4d-75.0866884!10e5"
988 Carriage Ln Huntingdon Valley PA 19006.jpg,988 Carriage Ln,Huntingdon Valley,PA,19006,2022 Google,18-Aug,Picture,"https://www.google.com/maps/place/988+Carriage+Ln,+Huntingdon+Valley,+PA+19006/@40.1436412,-75.0579201,3a,75y,143.7h,90t/data=!3m7!1e1!3m5!1sJ_36aUJtAUvKgP3Nbzin_A!2e0!6shttps:%2F%2Fstreetviewpixels-pa.googleapis.com%2Fv1%2Fthumbnail%3Fpanoid%3DJ_36aUJtAUvKgP3Nbzin_A%26cb_client%3Dsearch.gws-prod.gps%26w%3D86%26h%3D86%26yaw%3D143.7013%26pitch%3D0%26thumbfov%3D100!7i16384!8i8192!4m6!3m5!1s0x89c6b201023bbf5b:0x1122274a2125867!8m2!3d40.1434226!4d-75.0577152!10e5"
988 Claire Ave Huntingdon Valley PA 19006.jpg,988 Claire Ave,Huntingdon Valley,PA,19006,2022 Google,22-Jun,Picture,"https://www.google.com/maps/place/988+Claire+Ave,+Huntingdon+Valley,+PA+19006/@40.0910783,-75.0876044,3a,75y,327.52h,90t/data=!3m7!1e1!3m5!1skGE2YCmTpSEaERjsyCc4EA!2e0!6shttps:%2F%2Fstreetviewpixels-pa.googleapis.com%2Fv1%2Fthumbnail%3Fpanoid%3DkGE2YCmTpSEaERjsyCc4EA%26cb_client%3Dsearch.gws-prod.gps%26w%3D86%26h%3D86%26yaw%3D327.52316%26pitch%3D0%26thumbfov%3D100!7i16384!8i8192!4m5!3m4!1s0x89c6b115a22c14bf:0x7c6207eafe3c464f!8m2!3d40.0912356!4d-75.0877377"
988 Thrush Ln Huntingdon Valley PA 19006.jpg,988 Thrush Ln,Huntingdon Valley,PA,19006,2022 Google,19-Jul,Picture,"https://www.google.com/maps/place/988+Thrush+Ln,+Huntingdon+Valley,+PA+19006/@40.1538772,-75.0482821,3a,75y,218.56h,90t/data=!3m7!1e1!3m5!1s806PTHMRAiOlcLjMIpVI6A!2e0!6shttps:%2F%2Fstreetviewpixels-pa.googleapis.com%2Fv1%2Fthumbnail%3Fpanoid%3D806PTHMRAiOlcLjMIpVI6A%26cb_client%3Dsearch.gws-prod.gps%26w%3D86%26h%3D86%26yaw%3D218.55821%26pitch%3D0%26thumbfov%3D100!7i16384!8i8192!4m6!3m5!1s0x89c6adf01319f0f3:0xaf3134652f6a1f63!8m2!3d40.1536721!4d-75.0484974!10e5"
989 Brown Ave Huntingdon Valley PA 19006.jpg,989 Brown Ave,Huntingdon Valley,PA,19006,2022 Google,22-Jun,Picture,"https://www.google.com/maps/place/989+Brown+Ave,+Huntingdon+Valley,+PA+19006/@40.0900825,-75.0859118,3a,75y,146.38h,90t/data=!3m7!1e1!3m5!1s68H0B9GTKLQVRoBaLBs7iw!2e0!6shttps:%2F%2Fstreetviewpixels-pa.googleapis.com%2Fv1%2Fthumbnail%3Fpanoid%3D68H0B9GTKLQVRoBaLBs7iw%26cb_client%3Dsearch.gws-prod.gps%26w%3D86%26h%3D86%26yaw%3D146.38127%26pitch%3D0%26thumbfov%3D100!7i16384!8i8192!4m5!3m4!1s0x89c6b1155dd751db:0xd7afc6fd62ae21c5!8m2!3d40.0899208!4d-75.0857759"
99 Elfreth Rd Huntingdon Valley PA 19006.jpg,99 Elfreth Rd,Huntingdon Valley,PA,19006,2022 Google,18-Aug,Picture,"https://www.google.com/maps/place/99+Elfreth+Rd,+Huntingdon+Valley,+PA+19006/@40.1557561,-75.0389389,3a,75y,128.08h,90t/data=!3m7!1e1!3m5!1s0ub05KBwW5jd5-jdgx1PMA!2e0!6shttps:%2F%2Fstreetviewpixels-pa.googleapis.com%2Fv1%2Fthumbnail%3Fpanoid%3D0ub05KBwW5jd5-jdgx1PMA%26cb_client%3Dsearch.gws-prod.gps%26w%3D86%26h%3D86%26yaw%3D128.08066%26pitch%3D0%26thumbfov%3D100!7i16384!8i8192!4m5!3m4!1s0x89c6aded2447d7a9:0x8923aa6a190c7c4b!8m2!3d40.1556329!4d-75.0387314"
99 Locust Dr Huntingdon Valley PA 19006.jpg,99 Locust Dr,Huntingdon Valley,PA,19006,2022 Google,18-Aug,Picture,"https://www.google.com/maps/place/99+Locust+Dr,+Huntingdon+Valley,+PA+19006/@40.1294118,-75.032423,3a,75y,58.21h,90t/data=!3m7!1e1!3m5!1sXlU4pHNGLD7E8_FPXJgH_g!2e0!6shttps:%2F%2Fstreetviewpixels-pa.googleapis.com%2Fv1%2Fthumbnail%3Fpanoid%3DXlU4pHNGLD7E8_FPXJgH_g%26cb_client%3Dsearch.gws-prod.gps%26w%3D86%26h%3D86%26yaw%3D58.205498%26pitch%3D0%26thumbfov%3D100!7i16384!8i8192!4m6!3m5!1s0x89c6b26c289adc7d:0xb1362ac270a6aa31!8m2!3d40.12955!4d-75.0321368!10e5"
99 Radburn Rd Huntingdon Valley PA 19006.jpg,99 Radburn Rd,Huntingdon Valley,PA,19006,2022 Google,22-Jun,Picture,"https://www.google.com/maps/place/99+Radburn+Rd,+Huntingdon+Valley,+PA+19006/@40.1105886,-75.0564307,3a,75y,70.94h,90t/data=!3m7!1e1!3m5!1sLmg4KCxDacmXDDL1JHODWQ!2e0!6shttps:%2F%2Fstreetviewpixels-pa.googleapis.com%2Fv1%2Fthumbnail%3Fpanoid%3DLmg4KCxDacmXDDL1JHODWQ%26cb_client%3Dsearch.gws-prod.gps%26w%3D86%26h%3D86%26yaw%3D70.93905%26pitch%3D0%26thumbfov%3D100!7i16384!8i8192!4m6!3m5!1s0x89c6b22be2f2526f:0xc1e0b0c6f7da8026!8m2!3d40.1106585!4d-75.0561637!10e5"
99 Rorer St Glenside PA 19038.jpg,99 Rorer St,Glenside,PA,19038,2022 Google,18-Sep,Picture,"https://www.google.com/maps/place/99+Rorer+St,+Glenside,+PA+19038/@40.0921636,-75.2095044,3a,75y,220.82h,90t/data=!3m7!1e1!3m5!1sYXneP4j-BrkuV3omI8U9Nw!2e0!6shttps:%2F%2Fstreetviewpixels-pa.googleapis.com%2Fv1%2Fthumbnail%3Fpanoid%3DYXneP4j-BrkuV3omI8U9Nw%26cb_client%3Dsearch.gws-prod.gps%26w%3D86%26h%3D86%26yaw%3D220.8163%26pitch%3D0%26thumbfov%3D100!7i16384!8i8192!4m5!3m4!1s0x89c6bbd11a86415f:0x13316791e5fd52b!8m2!3d40.0919935!4d-75.2093341"
99 Steele Way Huntingdon Valley PA 19006.jpg,99 Steele Way,Huntingdon Valley,PA,19006,2022 Google,19-Aug,Picture,"https://www.google.com/maps/place/99+Steele+Way,+Huntingdon+Valley,+PA+19006/@40.1375528,-75.0219945,3a,75y,34.1h,90t/data=!3m7!1e1!3m5!1s5vbbvwU5WunqjXSAZhom8Q!2e0!6shttps:%2F%2Fstreetviewpixels-pa.googleapis.com%2Fv1%2Fthumbnail%3Fpanoid%3D5vbbvwU5WunqjXSAZhom8Q%26cb_client%3Dsearch.gws-prod.gps%26w%3D86%26h%3D86%26yaw%3D34.10491%26pitch%3D0%26thumbfov%3D100!7i16384!8i8192!4m6!3m5!1s0x89c6b27915a64101:0x93dc371a5759330f!8m2!3d40.1377212!4d-75.0218442!10e5"
990 Welsh Rd Huntingdon Valley PA 19006.jpg,990 Welsh Rd,Huntingdon Valley,PA,19006,2022 Google,22-Jun,Picture,"https://www.google.com/maps/place/990+Welsh+Rd,+Huntingdon+Valley,+PA+19006/@40.1224783,-75.0794446,3a,75y,221.08h,90t/data=!3m7!1e1!3m5!1sJuCR4GaFYkrNBWTx-WVDwg!2e0!6shttps:%2F%2Fstreetviewpixels-pa.googleapis.com%2Fv1%2Fthumbnail%3Fpanoid%3DJuCR4GaFYkrNBWTx-WVDwg%26cb_client%3Dsearch.gws-prod.gps%26w%3D86%26h%3D86%26yaw%3D221.0801%26pitch%3D0%26thumbfov%3D100!7i16384!8i8192!4m6!3m5!1s0x89c6b196c400c9a5:0xdb104aee31a002bb!8m2!3d40.1222464!4d-75.0797079!10e5"
990 Wesley Ave Huntingdon Valley PA 19006.jpg,990 Wesley Ave,Huntingdon Valley,PA,19006,2022 Google,22-Jun,Picture,"https://www.google.com/maps/place/990+Wesley+Ave,+Huntingdon+Valley,+PA+19006/@40.0906865,-75.086881,3a,75y,324.57h,90t/data=!3m7!1e1!3m5!1sGHb_F9AmT4MYZOxCGu9_7g!2e0!6shttps:%2F%2Fstreetviewpixels-pa.googleapis.com%2Fv1%2Fthumbnail%3Fpanoid%3DGHb_F9AmT4MYZOxCGu9_7g%26cb_client%3Dsearch.gws-prod.gps%26w%3D86%26h%3D86%26yaw%3D324.57288%26pitch%3D0%26thumbfov%3D100!7i16384!8i8192!4m6!3m5!1s0x89c6b115747fa8f3:0x7d96dd986bfb201a!8m2!3d40.0908265!4d-75.0870078!10e5"
991 Claire Ave Huntingdon Valley PA 19006.jpg,991 Claire Ave,Huntingdon Valley,PA,19006,2022 Google,,Picture,"https://www.google.com/maps/place/991+Claire+Ave,+Huntingdon+Valley,+PA+19006/@40.0910131,-75.0894246,8585a,13.1y/data=!3m5!1e1!3m3!1sh9yu0TPinuRt2ODJRhxF2Q!2e0!6shttps:%2F%2Fstreetviewpixels-pa.googleapis.com%2Fv1%2Fthumbnail%3Fpanoid%3Dh9yu0TPinuRt2ODJRhxF2Q%26cb_client%3Dsearch.gws-prod.gps%26w%3D86%26h%3D86%26yaw%3D141.80016%26pitch%3D0%26thumbfov%3D100!4m5!3m4!1s0x89c6b1159fe0a8a5:0xce465efad1820857!8m2!3d40.0910131!4d-75.0872359"
993 Sheffield Ln Huntingdon Valley PA 19006.jpg,993 Sheffield Ln,Huntingdon Valley,PA,19006,2022 Google,12-Sep,Picture,"https://www.google.com/maps/place/993+Sheffield+Ln,+Huntingdon+Valley,+PA+19006/@40.155976,-75.0466753,3a,75y,84.02h,90t/data=!3m7!1e1!3m5!1sfUvFHgnq-CbT3WXYqSRW9A!2e0!6shttps:%2F%2Fstreetviewpixels-pa.googleapis.com%2Fv1%2Fthumbnail%3Fpanoid%3DfUvFHgnq-CbT3WXYqSRW9A%26cb_client%3Dsearch.gws-prod.gps%26w%3D86%26h%3D86%26yaw%3D84.01545%26pitch%3D0%26thumbfov%3D100!7i13312!8i6656!4m6!3m5!1s0x89c6adee49449d25:0x9af2c943791c822c!8m2!3d40.1560136!4d-75.0460788!10e5"
993 Twin Silo Ln Huntingdon Valley PA 19006.jpg,993 Twin Silo Ln,Huntingdon Valley,PA,19006,2022 Google,18-Aug,Picture,"https://www.google.com/maps/place/993+Twin+Silo+Ln,+Huntingdon+Valley,+PA+19006/@40.1496855,-75.052278,3a,75y,34.29h,90t/data=!3m7!1e1!3m5!1sTKnN9CsJHf4fX3xei_hwEw!2e0!6shttps:%2F%2Fstreetviewpixels-pa.googleapis.com%2Fv1%2Fthumbnail%3Fpanoid%3DTKnN9CsJHf4fX3xei_hwEw%26cb_client%3Dsearch.gws-prod.gps%26w%3D86%26h%3D86%26yaw%3D34.292168%26pitch%3D0%26thumbfov%3D100!7i16384!8i8192!4m6!3m5!1s0x89c6adf9824b069b:0x8a8e37a0cd44cbf7!8m2!3d40.1498827!4d-75.0521024!10e5"
993 Wesley Ave Huntingdon Valley PA 19006.jpg,993 Wesley Ave,Huntingdon Valley,PA,19006,2022 Google,22-Jun,Picture,"https://www.google.com/maps/place/993+Wesley+Ave,+Huntingdon+Valley,+PA+19006/@40.0907602,-75.0868077,3a,75y,127.49h,90t/data=!3m7!1e1!3m5!1slaYPuowq5bHuc5jzp81Nkg!2e0!6shttps:%2F%2Fstreetviewpixels-pa.googleapis.com%2Fv1%2Fthumbnail%3Fpanoid%3DlaYPuowq5bHuc5jzp81Nkg%26cb_client%3Dsearch.gws-prod.gps%26w%3D86%26h%3D86%26yaw%3D127.48752%26pitch%3D0%26thumbfov%3D100!7i16384!8i8192!4m6!3m5!1s0x89c6b1156e7611bb:0x8833333946e80ae8!8m2!3d40.09061!4d-75.0865515!10e5"
994 Claire Ave Huntingdon Valley PA 19006.jpg,994 Claire Ave,Huntingdon Valley,PA,19006,2022 Google,22-Jun,Picture,"https://www.google.com/maps/place/994+Claire+Ave,+Huntingdon+Valley,+PA+19006/@40.0911794,-75.087407,3a,75y,322.85h,90t/data=!3m7!1e1!3m5!1sh9yu0TPinuRt2ODJRhxF2Q!2e0!6shttps:%2F%2Fstreetviewpixels-pa.googleapis.com%2Fv1%2Fthumbnail%3Fpanoid%3Dh9yu0TPinuRt2ODJRhxF2Q%26cb_client%3Dsearch.gws-prod.gps%26w%3D86%26h%3D86%26yaw%3D322.8542%26pitch%3D0%26thumbfov%3D100!7i16384!8i8192!4m5!3m4!1s0x89c6b115a0d64a9f:0x6db084f4d40973c1!8m2!3d40.0913291!4d-75.0875552"
994 Corn Crib Dr Huntingdon Valley PA 19006.jpg,994 Corn Crib Dr,Huntingdon Valley,PA,19006,2022 Google,18-Aug,Picture,"https://www.google.com/maps/place/994+Corn+Crib+Dr,+Huntingdon+Valley,+PA+19006/@40.1475459,-75.0542369,3a,75y,210.03h,90t/data=!3m7!1e1!3m5!1sVMUL2hkjHP9AJmxkf569Mg!2e0!6shttps:%2F%2Fstreetviewpixels-pa.googleapis.com%2Fv1%2Fthumbnail%3Fpanoid%3DVMUL2hkjHP9AJmxkf569Mg%26cb_client%3Dsearch.gws-prod.gps%26w%3D86%26h%3D86%26yaw%3D210.03168%26pitch%3D0%26thumbfov%3D100!7i16384!8i8192!4m6!3m5!1s0x89c6adf8c5bcf375:0xe960503fa1e8952e!8m2!3d40.147294!4d-75.0544297!10e5"
995 Sorrel Horse Rd Huntingdon Valley PA 19006.jpg,995 Sorrel Horse Rd,Huntingdon Valley,PA,19006,2022 Google,18-Aug,Picture,"https://www.google.com/maps/place/995+Sorrel+Horse+Rd,+Huntingdon+Valley,+PA+19006/@40.1464384,-75.0558206,3a,75y,84.71h,90t/data=!3m7!1e1!3m5!1suMEZ_qMPUkC9QbZUwcHiHw!2e0!6shttps:%2F%2Fstreetviewpixels-pa.googleapis.com%2Fv1%2Fthumbnail%3Fpanoid%3DuMEZ_qMPUkC9QbZUwcHiHw%26cb_client%3Dsearch.gws-prod.gps%26w%3D86%26h%3D86%26yaw%3D84.71039%26pitch%3D0%26thumbfov%3D100!7i16384!8i8192!4m6!3m5!1s0x89c6adff4dba9f85:0x4373a21023da1f74!8m2!3d40.14646!4d-75.0555248!10e5"
997 Barnswallow Ln Huntingdon Valley PA 19006.jpg,997 Barnswallow Ln,Huntingdon Valley,PA,19006,2022 Google,18-Oct,Picture,"https://www.google.com/maps/place/997+Barnswallow+Ln,+Huntingdon+Valley,+PA+19006/@40.1546149,-75.0475343,3a,75y,47.69h,90t/data=!3m7!1e1!3m5!1sbxbKLIn24Cqp-hv0fhxXZw!2e0!6shttps:%2F%2Fstreetviewpixels-pa.googleapis.com%2Fv1%2Fthumbnail%3Fpanoid%3DbxbKLIn24Cqp-hv0fhxXZw%26cb_client%3Dsearch.gws-prod.gps%26w%3D86%26h%3D86%26yaw%3D47.69496%26pitch%3D0%26thumbfov%3D100!7i16384!8i8192!4m6!3m5!1s0x89c6adefd82697f1:0x14d23982a1598c32!8m2!3d40.1547842!4d-75.0472881!10e5"
997 Warfield Ln Huntingdon Valley PA 19006.jpg,997 Warfield Ln,Huntingdon Valley,PA,19006,2022 Google,18-Oct,Picture,"https://www.google.com/maps/place/997+Warfield+Ln,+Huntingdon+Valley,+PA+19006/@40.1492017,-75.0530164,3a,75y,24h,90t/data=!3m7!1e1!3m5!1sG0De7cQEBEuLnmy1XTmjZA!2e0!6shttps:%2F%2Fstreetviewpixels-pa.googleapis.com%2Fv1%2Fthumbnail%3Fpanoid%3DG0De7cQEBEuLnmy1XTmjZA%26cb_client%3Dsearch.gws-prod.gps%26w%3D86%26h%3D86%26yaw%3D23.997435%26pitch%3D0%26thumbfov%3D100!7i16384!8i8192!4m6!3m5!1s0x89c6adf973ccf4a9:0x9f0d3988a6807a7f!8m2!3d40.1494371!4d-75.0528782!10e5"
998 Barnswallow Ln Huntingdon Valley PA 19006.jpg,998 Barnswallow Ln,Huntingdon Valley,PA,19006,2022 Google,18-Oct,Picture,"https://www.google.com/maps/place/998+Barnswallow+Ln,+Huntingdon+Valley,+PA+19006/@40.1543878,-75.0471538,3a,75y,218.86h,90t/data=!3m7!1e1!3m5!1sIwmgNtfJKGq7xWckIBcFUQ!2e0!6shttps:%2F%2Fstreetviewpixels-pa.googleapis.com%2Fv1%2Fthumbnail%3Fpanoid%3DIwmgNtfJKGq7xWckIBcFUQ%26cb_client%3Dsearch.gws-prod.gps%26w%3D86%26h%3D86%26yaw%3D218.85526%26pitch%3D0%26thumbfov%3D100!7i16384!8i8192!4m6!3m5!1s0x89c6adf024bdd11d:0xaf800ea13f41489c!8m2!3d40.1541538!4d-75.0474022!10e5"
998 Claire Ave Huntingdon Valley PA 19006.jpg,998 Claire Ave,Huntingdon Valley,PA,19006,2022 Google,22-Jun,Picture,"https://www.google.com/maps/place/998+Claire+Ave,+Huntingdon+Valley,+PA+19006/@40.0913071,-75.0871693,3a,75y,320.77h,90t/data=!3m7!1e1!3m5!1s-3tipf_z3S4XBlLr7gnVTg!2e0!6shttps:%2F%2Fstreetviewpixels-pa.googleapis.com%2Fv1%2Fthumbnail%3Fpanoid%3D-3tipf_z3S4XBlLr7gnVTg%26cb_client%3Dsearch.gws-prod.gps%26w%3D86%26h%3D86%26yaw%3D320.7732%26pitch%3D0%26thumbfov%3D100!7i16384!8i8192!4m5!3m4!1s0x89c6b11509dbb1ad:0x2c9a5a5c55b8f7d8!8m2!3d40.0914558!4d-75.0873271"
999 Welsh Rd Huntingdon Valley PA 19006.jpg,999 Welsh Rd,Huntingdon Valley,PA,19006,2022 Google,22-Jun,Picture,"https://www.google.com/maps/place/999+Welsh+Rd,+Huntingdon+Valley,+PA+19006/@40.1225765,-75.0796375,3a,75y,27.45h,90t/data=!3m7!1e1!3m5!1sZ_PaRirsCqkxosJfiTAaOA!2e0!6shttps:%2F%2Fstreetviewpixels-pa.googleapis.com%2Fv1%2Fthumbnail%3Fpanoid%3DZ_PaRirsCqkxosJfiTAaOA%26cb_client%3Dsearch.gws-prod.gps%26w%3D86%26h%3D86%26yaw%3D27.453499%26pitch%3D0%26thumbfov%3D100!7i16384!8i8192!4m6!3m5!1s0x89c6b196b9ee1a97:0x69e9c1390cea33d9!8m2!3d40.1228758!4d-75.0794342!10e5"
1680 Huntingdon Pike Apt Condo 221 Huntingdon Valley PA 19006.jpg,1680 Huntingdon Pike Apt Condo 221,Huntingdon Valley,PA,19006,2022,19-Aug,Picture,"https://www.google.com/maps/place/Hill+House/@40.1093258,-75.0799299,3a,75y,341.86h,90t/data=!3m7!1e1!3m5!1sY0rN2UKKOiMb6RULHbhVUQ!2e0!6shttps:%2F%2Fstreetviewpixels-pa.googleapis.com%2Fv1%2Fthumbnail%3Fpanoid%3DY0rN2UKKOiMb6RULHbhVUQ%26cb_client%3Dsearch.gws-prod.gps%26w%3D86%26h%3D86%26yaw%3D341.85522%26pitch%3D0%26thumbfov%3D100!7i16384!8i8192!4m5!3m4!1s0x89c6b19e3e0ea4e7:0xbb89e45c0c2f8fd9!8m2!3d40.1098611!4d-75.0801617"
1680 Huntingdon Pike Apt Condo 138 Huntingdon Valley PA 19006.jpg,1680 Huntingdon Pike Apt Condo 138,Huntingdon Valley,PA,19006,2022,19-Aug,Picture,"https://www.google.com/maps/place/Hill+House/@40.1093258,-75.0799299,3a,75y,341.86h,90t/data=!3m7!1e1!3m5!1sY0rN2UKKOiMb6RULHbhVUQ!2e0!6shttps:%2F%2Fstreetviewpixels-pa.googleapis.com%2Fv1%2Fthumbnail%3Fpanoid%3DY0rN2UKKOiMb6RULHbhVUQ%26cb_client%3Dsearch.gws-prod.gps%26w%3D86%26h%3D86%26yaw%3D341.85522%26pitch%3D0%26thumbfov%3D100!7i16384!8i8192!4m5!3m4!1s0x89c6b19e3e0ea4e7:0xbb89e45c0c2f8fd9!8m2!3d40.1098611!4d-75.0801617"
1338 Huntingdon Pike Huntingdon Valley PA 19006.jpg,1338 Huntingdon Pike,Huntingdon Valley,PA,19006,2022 Google,22-Jun,Picture,"https://www.google.com/maps/place/1338+Huntingdon+Pike,+Huntingdon+Valley,+PA+19006/@40.1024792,-75.0863957,3a,75y,303.03h,90t/data=!3m7!1e1!3m5!1s0hXPeKKOw8vcUnRc2tL8Hg!2e0!6shttps:%2F%2Fstreetviewpixels-pa.googleapis.com%2Fv1%2Fthumbnail%3Fpanoid%3D0hXPeKKOw8vcUnRc2tL8Hg%26cb_client%3Dsearch.gws-prod.gps%26w%3D86%26h%3D86%26yaw%3D303.033%26pitch%3D0%26thumbfov%3D100!7i16384!8i8192!4m5!3m4!1s0x89c6b10ce4c8ed27:0xfe8d8c2e50b92469!8m2!3d40.1026043!4d-75.0866428"
1046 Huntingdon Pike Huntingdon Valley PA 19006.jpg,1046 Huntingdon Pike,Huntingdon Valley,PA,19006,2022 Google,22-Jun,Picture,"https://www.google.com/maps/place/1046+Huntingdon+Pike,+Huntingdon+Valley,+PA+19006/@40.0952251,-75.0923199,3a,75y,274h,90t/data=!3m7!1e1!3m5!1sK4si04huNrY3EHK7dxgURw!2e0!6shttps:%2F%2Fstreetviewpixels-pa.googleapis.com%2Fv1%2Fthumbnail%3Fpanoid%3DK4si04huNrY3EHK7dxgURw%26cb_client%3Dsearch.gws-prod.gps%26w%3D86%26h%3D86%26yaw%3D273.99875%26pitch%3D0%26thumbfov%3D100!7i16384!8i8192!4m5!3m4!1s0x89c6b116d238dd11:0x3d782f0a3cb37658!8m2!3d40.0952432!4d-75.0925881"
